SA4_CODE_2021,POL_Tamil_UOLSE_NWorNAA,POL_Tamil_UOLSE_Tot,POL_Tamil_NS,POL_Tamil_Tot,POL_Thai_SEO,POL_Thai_UOLSE_VWorW,POL_Thai_UOLSE_NWorNAA,POL_Thai_UOLSE_Tot,POL_Thai_NS,POL_Thai_Tot,POL_Turkish_SEO,POL_Turkish_UOLSE_VWorW,POL_Turkish_UOLSE_NWorNAA,POL_Turkish_UOLSE_Tot,POL_Turkish_NS,POL_Turkish_Tot,POL_Vietnamese_SEO,POL_Vietnamese_UOLSE_VWorW,POL_Vietnamese_UOLSE_NWorNAA,POL_Vietnamese_UOLSE_Tot,POL_Vietnamese_NS,POL_Vietnamese_Tot,POL_Oth_SEO,POL_Oth_UOLSE_VWorW,POL_Oth_UOLSE_NWorNAA,POL_Oth_UOLSE_Tot,POL_Oth_NS,POL_Oth_Tot,POL_Tot_SEO,POL_Tot_UOLSE_VWorW,POL_Tot_UOLSE_NWorNAA,POL_Tot_UOLSE_Tot,POL_Tot_NS,POL_Tot_Tot,P_LUatH_NS_SEO,P_LUatH_NS_UOLSE_VWorW,P_LUatH_NS_UOLSE_NWorNAA,P_LUatH_NS_UOLSE_Tot,P_LUatH_NS_NS,P_LUatH_NS_Tot,P_Tot_SEO,P_Tot_UOLSE_VWorW,P_Tot_UOLSE_NWorNAA,P_Tot_UOLSE_Tot,P_Tot_NS,P_Tot_Tot
101,3,118,0,118,..,294,55,350,3,351,..,82,8,93,0,93,..,210,58,266,0,272,..,2238,245,2487,46,2535,..,14754,1673,16422,207,16627,..,646,68,717,15164,15888,206290,15401,1739,17144,15372,238810
102,10,195,6,196,..,627,139,766,5,772,..,147,14,164,0,164,..,388,95,482,3,488,..,3687,429,4123,131,4247,..,21476,2841,24314,324,24646,..,1081,117,1198,16744,17939,304010,22559,2956,25514,17070,346596
103,9,166,4,165,..,187,83,270,0,275,..,32,6,40,0,40,..,177,48,225,4,224,..,1611,193,1806,55,1860,..,8340,1052,9392,154,9544,..,496,42,540,15177,15717,187700,8839,1094,9933,15326,212962
104,0,28,0,28,..,160,31,191,6,194,..,19,0,19,0,18,..,95,27,117,3,117,..,2098,740,2839,64,2902,..,7438,1623,9063,147,9209,..,433,62,494,9816,10311,126613,7870,1689,9556,9965,146127
105,15,95,4,102,..,73,18,88,0,91,..,6,0,6,0,6,..,76,21,94,0,98,..,996,83,1083,25,1103,..,5388,539,5929,78,6008,..,343,30,375,13232,13603,95955,5737,571,6303,13304,115566
106,13,113,3,119,..,384,104,490,0,491,..,44,12,57,0,57,..,228,127,362,0,363,..,1976,310,2287,66,2350,..,10211,1479,11687,145,11833,..,717,57,776,15224,15996,264108,10929,1535,12465,15367,291946
107,10,232,0,236,..,616,160,768,8,780,..,1032,255,1286,8,1293,..,986,321,1304,7,1310,..,4304,789,5098,99,5192,..,35630,6352,41989,382,42361,..,1051,155,1202,12996,14203,257269,36686,6503,43186,13381,313842
108,12,60,3,63,..,243,44,290,0,297,..,38,6,50,0,50,..,149,42,189,0,190,..,1526,172,1699,53,1755,..,7008,779,7793,120,7912,..,608,50,656,14371,15029,206095,7616,833,8450,14492,229035
109,6,72,0,78,..,134,25,160,0,160,..,13,8,20,0,20,..,102,25,128,0,127,..,1054,209,1262,37,1299,..,5791,1055,6843,108,6950,..,315,55,365,8816,9177,107423,6103,1111,7210,8922,123552
110,4,77,0,80,..,137,28,172,4,172,..,28,3,26,0,31,..,334,176,512,0,517,..,1964,437,2404,57,2458,..,7889,1330,9218,143,9365,..,548,76,621,17131,17752,158447,8440,1398,9837,17269,185560
111,9,398,3,404,..,537,149,686,0,694,..,103,14,122,0,121,..,693,226,921,14,932,..,4290,681,4970,142,5108,..,25299,3652,28950,372,29322,..,1167,137,1308,15341,16651,344550,26464,3789,30259,15714,390519
112,7,46,0,52,..,463,64,520,0,520,..,44,0,44,6,49,..,187,46,234,4,236,..,2397,255,2647,64,2708,..,12460,1067,13520,186,13712,..,785,54,839,18548,19384,223964,13238,1118,14362,18738,257061
113,11,193,4,188,..,163,52,213,0,216,..,61,48,104,0,104,..,134,30,160,0,160,..,2914,823,3739,63,3798,..,12611,2901,15515,189,15700,..,490,64,560,11621,12175,135786,13106,2963,16070,11803,163656
114,3,62,0,63,..,218,59,279,0,279,..,47,10,55,0,55,..,124,34,159,6,163,..,1314,155,1465,38,1504,..,7969,884,8846,121,8976,..,408,40,446,9472,9915,142120,8375,917,9296,9592,161006
115,111,3513,26,3541,..,379,71,453,4,455,..,489,56,546,0,552,..,742,117,860,4,865,..,6260,552,6813,167,6976,..,78834,10453,89289,783,90072,..,1009,152,1154,6653,7807,166485,79846,10599,90444,7438,264371
116,717,8408,100,8508,..,618,147,775,12,781,..,1969,534,2501,21,2524,..,1110,395,1503,9,1515,..,21586,3625,25208,536,25749,..,164061,20661,184724,1863,186579,..,2460,572,3034,21541,24576,189840,166522,21231,187758,23397,400997
117,17,608,7,619,..,4781,2066,6845,39,6884,..,1292,295,1589,11,1598,..,3970,1413,5383,36,5422,..,7204,1080,8290,191,8475,..,97474,17566,115043,933,115981,..,1475,364,1842,19745,21584,193782,98954,17928,116883,20676,331340
118,5,260,4,261,..,693,137,832,4,830,..,380,50,433,8,437,..,812,120,929,3,934,..,6410,462,6871,126,6994,..,54436,5812,60253,510,60760,..,1000,105,1103,14098,15202,185450,55440,5918,61352,14605,261410
119,66,986,13,995,..,2183,629,2813,31,2843,..,1538,310,1848,10,1854,..,18380,9077,27452,190,27642,..,13263,3007,16269,494,16765,..,274089,68248,342337,2904,345241,..,3612,993,4603,33921,38527,221348,277704,69236,346941,36824,605118
120,191,3132,27,3165,..,1295,497,1795,13,1811,..,967,151,1120,12,1131,..,3626,727,4357,31,4382,..,6855,906,7759,235,7995,..,102971,21895,124864,1070,125936,..,1363,328,1689,12395,14079,164752,104330,22222,126553,13466,304771
121,34,1607,11,1611,..,1575,378,1951,3,1954,..,453,28,479,0,482,..,1438,220,1656,13,1673,..,8127,811,8941,272,9210,..,116283,18331,134610,1287,135902,..,1499,239,1733,11983,13720,274429,117778,18569,136351,13272,424045
122,4,103,0,103,..,583,125,706,4,706,..,177,30,203,0,203,..,437,95,531,4,534,..,6173,726,6901,122,7025,..,36579,4028,40607,441,41049,..,926,111,1032,8111,9150,213359,37505,4139,41642,8548,263554
123,50,928,8,938,..,737,221,955,7,964,..,392,69,464,0,465,..,1450,487,1943,23,1970,..,8122,1412,9539,170,9705,..,66164,8584,74744,738,75485,..,1691,261,1950,13845,15791,206014,67852,8848,76697,14579,297292
124,69,922,13,932,..,602,164,763,10,771,..,655,131,786,17,796,..,586,148,733,8,745,..,7798,1000,8802,173,8975,..,44395,5363,49756,540,50298,..,1161,188,1347,16698,18046,263716,45557,5548,51107,17236,332056
125,1066,12423,134,12554,..,1091,400,1490,7,1490,..,6159,1941,8099,49,8155,..,7535,3252,10787,75,10859,..,28177,6073,34258,693,34946,..,236887,58499,295380,2664,298045,..,3309,1125,4435,31311,35743,159729,240199,59617,299813,33973,493515
126,64,1808,24,1833,..,707,162,865,10,873,..,331,25,356,0,357,..,1361,151,1510,16,1525,..,5990,815,6805,179,6988,..,80669,15961,96626,923,97548,..,754,193,945,7040,7988,96502,81423,16146,97573,7963,202038
127,85,1379,17,1395,..,1206,547,1757,17,1774,..,2407,548,2952,20,2971,..,33344,20322,53665,336,54004,..,38956,13073,52025,537,52561,..,207886,68155,276042,2137,278177,..,3869,1488,5361,25299,30657,165599,211759,69644,281405,27438,474430
128,0,97,0,97,..,517,80,595,0,599,..,193,20,211,0,211,..,505,85,594,9,601,..,2510,334,2842,85,2929,..,27769,3588,31357,322,31685,..,635,51,692,7001,7691,190233,28403,3647,32052,7325,229604
197,0,0,0,0,..,0,0,0,0,0,..,0,0,0,0,0,..,0,0,0,0,0,..,0,0,0,0,0,..,0,0,0,0,0,..,0,0,0,0,0,0,0,0,0,0,0
199,0,13,0,14,..,10,3,14,0,16,..,12,4,11,0,11,..,25,16,39,0,39,..,171,32,203,4,205,..,966,159,1125,25,1150,..,35,6,40,3764,3803,6417,1003,162,1166,3781,11371
201,3,151,3,157,..,153,27,177,4,180,..,36,3,39,0,39,..,195,31,225,3,232,..,1601,185,1789,48,1837,..,9029,906,9931,146,10077,..,460,42,498,9684,10181,153675,9483,946,10431,9828,173937
202,3,97,0,95,..,112,19,129,0,129,..,41,3,43,0,43,..,148,48,199,5,204,..,2167,957,3122,59,3185,..,7899,1636,9535,136,9668,..,408,64,477,10238,10708,147380,8313,1699,10009,10371,167764
203,40,466,4,465,..,388,83,468,4,474,..,290,52,347,0,347,..,680,243,919,14,933,..,5524,1344,6870,144,7008,..,29169,4398,33569,431,34001,..,855,120,975,15848,16824,277053,30023,4517,34546,16279,327878
204,5,85,0,85,..,195,39,236,5,243,..,43,3,44,0,51,..,196,119,312,4,315,..,1520,308,1827,47,1874,..,8126,1196,9323,141,9467,..,467,65,532,11753,12285,163188,8595,1265,9854,11893,184935
205,18,195,6,195,..,285,96,380,9,385,..,62,7,64,0,64,..,348,166,510,12,518,..,2637,399,3034,72,3108,..,12962,1829,14791,201,14994,..,765,84,845,20526,21372,264484,13726,1906,15640,20731,300848
206,82,1874,26,1902,..,2506,571,3078,15,3091,..,2199,486,2684,21,2703,..,7310,2375,9688,73,9755,..,15100,1926,17029,379,17406,..,150862,23509,174369,1441,175814,..,2062,302,2367,31616,33980,407221,152918,23811,176731,33057,617018
207,61,1714,13,1726,..,718,110,826,0,825,..,489,67,550,4,557,..,3602,671,4278,28,4306,..,5342,627,5967,192,6160,..,118556,25162,143715,1182,144895,..,1198,181,1384,10787,12164,216411,119756,25340,145097,11964,373472
208,56,1424,17,1441,..,736,111,850,9,854,..,958,139,1095,18,1111,..,2094,319,2415,14,2437,..,11554,938,12491,243,12739,..,85307,11692,96992,938,97936,..,1395,178,1567,12789,14362,310343,86695,11868,98564,13730,422639
209,292,3585,44,3632,..,859,156,1012,14,1025,..,2121,488,2605,12,2616,..,6392,2425,8818,67,8884,..,14477,2163,16639,418,17050,..,149631,26430,176058,1783,177843,..,2442,479,2919,19981,22903,339916,152075,26909,178978,21765,540664
210,100,1407,26,1438,..,712,166,878,11,885,..,13707,3643,17352,130,17480,..,3331,1235,4571,25,4594,..,22207,6623,28831,422,29256,..,146060,27207,173267,1775,175045,..,2881,793,3678,19519,23196,226091,148944,28000,176946,21295,424328
211,103,2195,19,2213,..,916,129,1044,3,1054,..,335,56,388,3,392,..,2253,695,2948,25,2973,..,10028,2963,12995,343,13335,..,91523,17783,109301,1223,110521,..,1807,351,2161,15575,17737,390047,93325,18136,111464,16793,518301
212,1056,12873,130,13008,..,1651,515,2167,17,2184,..,3049,718,3766,20,3786,..,17853,8444,26301,161,26462,..,53623,13438,67059,949,68012,..,318091,67129,385218,3584,388803,..,5647,1742,7394,36502,43896,427355,323742,68875,392613,40087,860060
213,525,6900,99,6999,..,1641,350,1986,17,2007,..,3602,763,4362,26,4391,..,36627,18374,54997,454,55457,..,57026,11486,68511,1158,69667,..,317704,60873,378577,4145,382720,..,5010,1283,6289,45493,51779,418544,322710,62156,384870,49634,853054
214,24,370,3,371,..,497,82,573,3,577,..,218,36,256,0,257,..,374,84,461,0,458,..,3507,514,4024,86,4112,..,21819,2784,24602,307,24909,..,923,72,993,15244,16237,267079,22737,2853,25596,15551,308226
215,17,146,0,150,..,188,164,350,8,360,..,302,160,466,4,467,..,418,444,865,22,889,..,2174,746,2926,66,2992,..,10117,3519,13644,206,13849,..,467,99,572,11888,12457,129262,10585,3624,14216,12093,155568
216,13,188,0,186,..,187,78,272,0,272,..,364,129,497,0,498,..,103,48,152,8,156,..,2331,786,3116,63,3179,..,12032,2917,14950,223,15170,..,490,72,562,9566,10131,112315,12525,2988,15514,9789,137618
217,6,45,0,45,..,136,37,168,0,170,..,20,0,25,4,29,..,131,66,197,3,196,..,784,121,901,40,941,..,4220,775,4991,101,5092,..,308,24,331,7707,8034,114940,4530,795,5322,7800,128069
297,0,0,0,0,..,0,0,0,0,0,..,0,0,0,0,0,..,0,0,0,0,0,..,0,0,0,0,0,..,5,0,5,0,5,..,0,0,0,27,27,13,5,0,5,27,38
299,0,6,0,6,..,7,0,7,0,7,..,25,13,32,0,35,..,32,14,42,0,42,..,187,40,227,6,229,..,794,171,962,15,977,..,37,7,45,3575,3624,4485,834,179,1012,3592,9089
301,14,194,0,194,..,367,64,432,9,439,..,84,5,89,0,89,..,440,121,562,6,564,..,3122,404,3527,80,3607,..,18736,1959,20691,254,20942,..,787,54,837,7823,8661,210212,19514,2016,21529,8075,239817
302,35,587,14,601,..,479,89,567,0,565,..,97,11,102,0,102,..,517,121,635,7,646,..,4639,758,5397,113,5512,..,34047,3867,37915,430,38343,..,908,118,1021,7615,8640,177613,34955,3985,38936,8046,224598
303,74,1606,14,1622,..,773,135,906,3,909,..,326,54,375,3,377,..,4157,1300,5451,53,5508,..,10699,1799,12494,308,12806,..,106518,20770,127295,1333,128627,..,1719,378,2096,12784,14884,227519,108240,21153,129395,14119,371026
304,35,905,3,913,..,308,50,364,3,365,..,130,6,134,6,136,..,1578,365,1945,16,1962,..,3341,356,3689,87,3780,..,31348,3206,34556,327,34882,..,548,55,610,4665,5272,149060,31901,3265,35165,4996,189213
305,22,537,12,542,..,995,244,1232,6,1241,..,271,30,294,0,294,..,1581,264,1842,3,1845,..,5265,462,5728,130,5860,..,50108,5126,55233,526,55757,..,893,127,1014,14206,15221,221264,51000,5250,56250,14730,292245
306,10,120,3,123,..,602,110,718,0,720,..,56,4,66,0,63,..,393,102,496,6,505,..,9705,1134,10837,280,11118,..,28564,3714,32271,517,32794,..,1615,220,1833,22219,24057,196896,30179,3931,34112,22738,253748
307,0,24,0,24,..,53,9,61,0,61,..,8,0,8,0,8,..,49,23,71,0,76,..,739,116,849,28,887,..,4329,575,4905,81,4985,..,325,36,367,11101,11472,112167,4655,612,5270,11187,128622
308,60,336,6,345,..,262,54,310,0,312,..,22,4,19,0,19,..,346,210,560,4,564,..,1965,308,2278,76,2355,..,10641,1492,12132,173,12306,..,644,88,731,18604,19332,196601,11284,1583,12870,18777,228246
309,13,436,3,436,..,1539,244,1788,11,1801,..,592,98,683,7,692,..,1267,279,1547,16,1559,..,10302,1183,11492,230,11718,..,75282,10075,85359,835,86196,..,2430,280,2715,35855,38568,516017,77714,10361,88076,36690,640778
310,90,962,8,972,..,452,100,557,4,556,..,115,26,138,0,138,..,8652,4896,13555,109,13668,..,11256,2258,13512,281,13803,..,52938,11035,63975,768,64740,..,1668,301,1970,23279,25253,277133,54609,11341,65945,24042,367126
311,35,475,7,483,..,429,133,563,6,572,..,394,83,474,10,488,..,1224,504,1733,9,1738,..,15590,4567,20160,296,20457,..,51621,10586,62208,762,62973,..,1764,389,2158,22382,24540,272260,53390,10977,64368,23147,359767
312,9,97,0,97,..,292,65,359,0,356,..,27,4,33,0,33,..,151,68,216,6,222,..,2072,211,2286,51,2336,..,9732,934,10670,141,10817,..,601,59,666,19218,19876,150204,10338,997,11329,19364,180894
313,0,47,0,47,..,344,156,496,5,506,..,53,10,59,0,59,..,304,94,399,0,406,..,2949,414,3365,80,3443,..,14203,2226,16432,187,16616,..,845,80,929,15076,16006,232127,15054,2307,17359,15263,264752
314,11,263,9,265,..,364,49,408,4,410,..,54,3,55,0,59,..,226,47,272,0,278,..,3695,506,4205,88,4292,..,22271,2231,24501,291,24789,..,713,70,786,6785,7568,185345,22980,2304,25284,7077,217700
315,4,39,0,39,..,67,12,72,0,80,..,4,3,3,0,3,..,86,85,165,0,165,..,9630,1470,11099,360,11458,..,12125,1780,13911,402,14313,..,520,106,625,9527,10149,55367,12651,1884,14531,9927,79827
316,0,104,0,104,..,621,107,723,0,729,..,56,5,61,0,67,..,428,89,512,7,524,..,3818,381,4198,89,4287,..,22123,1792,23913,326,24241,..,1080,104,1185,19494,20683,353923,23203,1893,25099,19826,398840
317,16,186,3,190,..,143,28,171,0,167,..,29,9,39,0,39,..,190,35,227,3,227,..,3758,1596,5344,107,5451,..,13577,3029,16610,223,16828,..,504,127,625,7470,8099,137132,14080,3153,17231,7691,162059
318,9,231,0,231,..,268,56,329,6,334,..,18,0,21,0,21,..,363,130,493,3,501,..,5050,793,5845,95,5941,..,15889,1935,17828,224,18047,..,981,97,1087,18677,19762,196473,16873,2038,18906,18898,234283
319,6,98,4,99,..,348,164,515,0,513,..,78,21,97,0,97,..,278,120,395,3,401,..,2417,376,2799,64,2857,..,10705,1582,12290,180,12470,..,774,86,856,20502,21355,273917,11476,1666,13146,20685,307745
397,0,0,0,0,..,0,0,0,0,0,..,0,0,0,0,0,..,0,0,0,0,0,..,0,0,0,0,0,..,19,0,21,0,22,..,0,0,0,128,128,32,19,0,21,130,183
399,0,0,0,0,..,13,3,18,0,18,..,5,0,5,0,5,..,21,5,23,0,23,..,272,31,300,7,316,..,1031,135,1163,19,1184,..,56,4,62,3455,3517,9972,1085,140,1226,3475,14670
401,32,955,4,958,..,427,75,497,5,505,..,134,0,136,0,141,..,2246,304,2549,16,2562,..,4636,495,5127,132,5258,..,62597,8020,70614,591,71204,..,843,101,943,10109,11057,230115,63440,8117,71562,10705,312377
402,65,1021,9,1033,..,556,143,701,6,710,..,305,50,356,0,356,..,6047,2900,8950,53,8996,..,19907,6545,26458,428,26880,..,88880,19909,108794,1197,109987,..,2250,594,2849,17785,20630,325085,91129,20511,111642,18979,455707
403,18,559,0,560,..,389,55,444,4,449,..,85,14,98,0,98,..,761,135,891,8,903,..,5202,775,5979,161,6137,..,40924,5090,46016,525,46545,..,1070,112,1183,11447,12632,315685,41997,5200,47201,11976,374859
404,40,612,10,621,..,319,84,402,5,400,..,114,11,125,0,127,..,5895,2951,8838,52,8894,..,6130,1163,7294,174,7478,..,56827,10875,67699,633,68330,..,1011,174,1185,7842,9029,166987,57831,11056,68884,8476,244347
405,0,15,0,10,..,79,14,91,0,91,..,0,0,0,0,0,..,64,15,71,0,71,..,600,106,705,31,732,..,2806,310,3115,72,3185,..,282,11,293,6662,6957,104345,3090,319,3408,6732,114487
406,0,74,7,77,..,55,10,70,0,67,..,12,0,12,0,10,..,70,10,81,0,81,..,2969,348,3317,190,3502,..,6004,586,6591,246,6834,..,395,31,429,6731,7159,68658,6400,613,7016,6979,82646
407,3,71,0,73,..,164,40,205,5,209,..,96,34,136,0,136,..,225,98,330,0,332,..,2000,712,2711,55,2763,..,8814,1918,10732,148,10878,..,475,58,529,12482,13004,169818,9293,1969,11265,12624,193709
497,0,0,0,0,..,0,0,0,0,0,..,0,0,0,0,0,..,0,0,0,0,0,..,0,0,0,0,0,..,8,0,8,0,8,..,0,0,0,5,5,0,8,0,8,5,12
499,0,0,0,0,..,0,0,0,0,0,..,0,0,0,0,0,..,9,0,8,0,8,..,85,10,92,11,105,..,270,33,302,11,314,..,32,6,32,770,806,2261,300,34,334,777,3377
501,6,75,0,74,..,252,47,298,5,298,..,14,0,14,0,14,..,189,93,284,0,285,..,1958,332,2292,59,2348,..,11141,1275,12413,171,12588,..,545,44,586,11654,12237,163920,11681,1325,13008,11824,188747
502,4,47,0,47,..,273,50,320,3,328,..,9,0,9,0,9,..,119,40,159,0,162,..,1220,117,1335,31,1363,..,6110,536,6643,68,6715,..,463,31,492,6114,6606,94318,6576,566,7140,6183,107641
503,14,489,7,496,..,460,78,540,0,539,..,96,7,104,0,104,..,1194,270,1466,8,1473,..,4512,309,4819,94,4911,..,32941,3498,36441,352,36791,..,749,63,814,8602,9422,136054,33694,3561,37252,8955,182267
504,53,857,16,866,..,731,120,851,3,857,..,126,39,159,0,159,..,3919,1784,5705,38,5738,..,9878,1628,11502,205,11709,..,49859,8132,57984,623,58614,..,1306,194,1495,14029,15525,202437,51162,8325,59486,14653,276573
505,40,776,15,793,..,1369,212,1582,11,1588,..,313,76,391,3,390,..,6990,3389,10379,70,10452,..,18470,3361,21826,369,22199,..,101074,15716,116795,1149,117941,..,2725,427,3152,21825,24970,434382,103800,16147,119940,22974,577297
506,417,5122,54,5176,..,1583,288,1872,17,1888,..,874,229,1107,8,1107,..,2096,606,2700,30,2729,..,20998,3704,24702,489,25196,..,129450,18766,148219,1718,149942,..,2864,480,3347,25811,29159,350367,132319,19251,151568,27529,529466
507,35,1055,7,1060,..,1083,174,1259,9,1269,..,149,16,167,0,170,..,889,231,1121,18,1140,..,8210,890,9103,214,9310,..,63928,7492,71420,785,72198,..,1770,185,1957,20785,22739,348470,65698,7682,73374,21564,443407
509,0,49,0,49,..,138,36,169,4,173,..,6,0,10,0,10,..,117,55,172,4,173,..,1629,420,2047,55,2100,..,6647,946,7589,126,7717,..,338,50,382,12491,12874,116589,6983,992,7972,12615,137175
510,7,79,0,82,..,380,54,436,4,447,..,22,4,31,0,32,..,135,25,163,0,163,..,7615,579,8198,227,8417,..,13678,1017,14696,313,15016,..,783,219,1005,14816,15814,59297,14465,1233,15695,15128,90128
511,0,84,4,90,..,314,62,381,0,381,..,11,0,11,0,11,..,279,149,428,6,431,..,3422,263,3685,79,3768,..,9871,931,10808,167,10968,..,589,59,646,14510,15162,92630,10458,989,11455,14676,118758
597,0,0,0,0,..,0,0,0,0,0,..,0,0,0,0,0,..,0,0,0,0,0,..,11,0,11,0,11,..,61,3,66,0,66,..,0,0,0,219,221,232,59,3,65,218,514
599,3,4,0,4,..,3,0,3,0,3,..,0,0,0,0,0,..,10,0,15,0,15,..,97,16,114,3,117,..,432,51,479,9,486,..,70,5,78,3411,3488,4079,497,56,555,3421,8055
601,15,298,3,301,..,293,37,334,5,340,..,49,5,59,0,60,..,922,126,1051,18,1071,..,2774,552,3325,126,3453,..,28316,2988,31303,389,31693,..,726,98,824,10542,11363,204029,29043,3091,32132,10928,247086
602,3,119,0,119,..,135,22,150,0,150,..,21,0,25,0,25,..,227,33,257,6,263,..,1535,399,1933,61,1991,..,9209,1419,10634,141,10773,..,423,60,487,7230,7714,132706,9637,1480,11111,7377,151195
603,0,3,0,3,..,26,5,33,0,33,..,8,5,8,0,11,..,14,7,16,0,16,..,253,19,271,0,275,..,1435,83,1514,22,1538,..,89,3,96,2878,2980,37212,1528,87,1610,2902,41734
604,0,41,0,41,..,85,20,105,0,105,..,3,0,5,0,5,..,82,28,108,0,113,..,761,117,878,28,904,..,4134,418,4547,58,4604,..,267,6,277,6347,6625,104929,4400,428,4826,6403,116156
697,0,0,0,0,..,0,0,0,0,0,..,0,0,0,0,0,..,0,0,0,0,0,..,0,0,0,0,0,..,0,0,0,0,0,..,0,0,0,3,3,11,0,0,0,3,19
699,0,0,0,0,..,3,0,3,0,3,..,0,0,0,0,0,..,0,0,0,0,0,..,18,3,27,0,23,..,63,11,73,3,74,..,4,0,4,314,325,978,70,11,77,318,1377
701,39,487,6,488,..,694,183,873,5,878,..,37,5,45,0,45,..,992,319,1312,3,1319,..,4116,581,4703,136,4836,..,29227,3351,32576,399,32976,..,870,135,1002,12647,13650,93277,30097,3486,33584,13042,139902
702,3,48,0,48,..,131,17,153,0,153,..,15,3,16,0,16,..,161,83,244,0,250,..,29999,4782,34777,838,35618,..,35503,5352,40855,937,41795,..,749,163,911,8079,8992,38314,36256,5514,41773,9019,89103
797,0,0,0,0,..,0,0,0,0,0,..,0,0,0,0,0,..,0,0,0,0,0,..,5,0,5,0,5,..,7,0,11,0,11,..,0,0,0,24,24,63,7,4,11,24,99
799,0,0,0,0,..,0,0,0,0,0,..,0,0,0,0,0,..,0,0,0,0,0,..,310,41,349,36,392,..,454,56,514,42,551,..,109,11,125,1214,1343,1605,567,70,636,1259,3500
801,102,2387,25,2417,..,1059,224,1280,11,1291,..,348,30,384,11,391,..,4036,950,4985,41,5029,..,14222,1746,15964,307,16266,..,99394,11083,110476,1104,111578,..,1775,256,2034,16824,18854,323454,101167,11334,112504,17932,453890
897,0,0,0,0,..,0,0,0,0,0,..,0,0,0,0,0,..,0,0,0,0,0,..,0,0,0,0,0,..,0,0,0,0,0,..,0,0,0,0,0,0,0,0,0,0,0
899,0,0,0,0,..,5,0,5,0,5,..,0,0,0,0,0,..,0,0,0,0,0,..,18,3,19,0,19,..,71,10,78,0,81,..,5,0,5,125,130,400,76,10,82,127,605
901,0,4,0,4,..,5,5,6,0,6,..,0,0,0,0,0,..,0,4,4,0,4,..,708,20,730,8,740,..,1560,347,1912,30,1944,..,15,10,24,859,889,1948,1575,360,1936,891,4778
997,0,0,0,0,..,0,0,0,0,0,..,0,0,0,0,0,..,0,0,0,0,0,..,0,0,0,0,0,..,0,0,0,0,0,..,0,0,0,0,0,0,0,0,0,0,0
999,0,0,0,0,..,0,0,0,0,0,..,0,0,0,0,0,..,0,0,0,0,0,..,0,0,0,0,0,..,3,3,5,0,5,..,0,0,0,3,3,5,3,3,5,3,11
