GCCSA_CODE_2021,POL_Tamil_UOLSE_NWorNAA,POL_Tamil_UOLSE_Tot,POL_Tamil_NS,POL_Tamil_Tot,POL_Thai_SEO,POL_Thai_UOLSE_VWorW,POL_Thai_UOLSE_NWorNAA,POL_Thai_UOLSE_Tot,POL_Thai_NS,POL_Thai_Tot,POL_Turkish_SEO,POL_Turkish_UOLSE_VWorW,POL_Turkish_UOLSE_NWorNAA,POL_Turkish_UOLSE_Tot,POL_Turkish_NS,POL_Turkish_Tot,POL_Vietnamese_SEO,POL_Vietnamese_UOLSE_VWorW,POL_Vietnamese_UOLSE_NWorNAA,POL_Vietnamese_UOLSE_Tot,POL_Vietnamese_NS,POL_Vietnamese_Tot,POL_Oth_SEO,POL_Oth_UOLSE_VWorW,POL_Oth_UOLSE_NWorNAA,POL_Oth_UOLSE_Tot,POL_Oth_NS,POL_Oth_Tot,POL_Tot_SEO,POL_Tot_UOLSE_VWorW,POL_Tot_UOLSE_NWorNAA,POL_Tot_UOLSE_Tot,POL_Tot_NS,POL_Tot_Tot,P_LUatH_NS_SEO,P_LUatH_NS_UOLSE_VWorW,P_LUatH_NS_UOLSE_NWorNAA,P_LUatH_NS_UOLSE_Tot,P_LUatH_NS_NS,P_LUatH_NS_Tot,P_Tot_SEO,P_Tot_UOLSE_VWorW,P_Tot_UOLSE_NWorNAA,P_Tot_UOLSE_Tot,P_Tot_NS,P_Tot_Tot
1GSYD,2496,36362,386,36747,..,17585,5760,23341,167,23511,..,17558,4194,21752,152,21901,..,75684,36705,112388,768,113154,..,171126,34309,205429,4105,209535,..,1609985,329983,1939966,17442,1957409,..,25843,6275,32123,246383,278498,2995240,1635831,336260,1972090,263819,5231147
1RNSW,100,1666,21,1685,..,3619,872,4489,23,4512,..,1556,360,1917,19,1937,..,3491,1183,4670,46,4716,..,28682,5094,33773,806,34576,..,160790,24376,185170,2357,187528,..,8012,887,8899,176897,185789,2456315,168803,25266,194066,179254,2829637
19499,0,13,0,14,..,10,3,14,0,16,..,12,4,11,0,11,..,25,16,39,0,39,..,171,32,203,4,205,..,966,159,1125,25,1150,..,35,6,40,3764,3803,6417,1003,162,1166,3781,11371
19799,0,0,0,0,..,0,0,0,0,0,..,0,0,0,0,0,..,0,0,0,0,0,..,0,0,0,0,0,..,0,0,0,0,0,..,0,0,0,0,0,0,0,0,0,0,0
2GMEL,2299,32356,372,32725,..,10234,2183,12412,88,12504,..,26669,6387,33057,231,33290,..,79839,34632,114469,848,115314,..,192861,40683,233549,4192,237737,..,1399540,262559,1662099,16384,1678483,..,23364,5382,28753,207503,236253,3003007,1422909,267944,1690851,223888,4917750
2RVIC,112,1365,16,1386,..,1645,539,2190,27,2217,..,1166,365,1532,14,1541,..,2215,1160,3378,60,3440,..,18740,4842,23582,534,24112,..,93557,17177,110732,1584,112318,..,4221,570,4794,97201,102000,1362298,97779,17753,115527,98789,1576613
29499,0,6,0,6,..,7,0,7,0,7,..,25,13,32,0,35,..,32,14,42,0,42,..,187,40,227,6,229,..,794,171,962,15,977,..,37,7,45,3575,3624,4485,834,179,1012,3592,9089
29799,0,0,0,0,..,0,0,0,0,0,..,0,0,0,0,0,..,0,0,0,0,0,..,0,0,0,0,0,..,5,0,5,0,5,..,0,0,0,27,27,13,5,0,5,27,38
3GBRI,324,5578,66,5638,..,4512,1015,5527,44,5570,..,1505,228,1731,18,1748,..,18681,7715,26400,208,26607,..,60554,11525,72086,1472,73556,..,381796,61015,442806,4867,447672,..,9846,1578,11422,114628,126051,1952518,391639,62592,454233,119489,2526238
3RQLD,121,1677,15,1690,..,4186,853,5040,29,5071,..,880,155,1034,5,1038,..,3547,1137,4684,50,4740,..,49456,7577,57028,1370,58401,..,202977,26909,229890,3105,232997,..,9473,1206,10684,182666,193352,2188689,212456,28124,240575,185774,2615036
39499,0,0,0,0,..,13,3,18,0,18,..,5,0,5,0,5,..,21,5,23,0,23,..,272,31,300,7,316,..,1031,135,1163,19,1184,..,56,4,62,3455,3517,9972,1085,140,1226,3475,14670
39799,0,0,0,0,..,0,0,0,0,0,..,0,0,0,0,0,..,0,0,0,0,0,..,0,0,0,0,0,..,19,0,21,0,22,..,0,0,0,128,128,32,19,0,21,130,183
4GADE,155,3150,29,3178,..,1689,352,2042,18,2060,..,632,83,709,9,719,..,14943,6287,21230,132,21362,..,35881,8978,44852,894,45747,..,249227,43896,293123,2947,296074,..,5179,983,6165,47191,53350,1037870,254406,44881,299288,50133,1387290
4RSAU,8,157,5,165,..,298,63,362,5,368,..,112,32,147,0,144,..,358,126,478,0,486,..,5564,1159,6725,271,6996,..,17628,2810,20441,463,20900,..,1145,96,1246,25871,27122,342820,18782,2905,21687,26334,390843
49499,0,0,0,0,..,0,0,0,0,0,..,0,0,0,0,0,..,9,0,8,0,8,..,85,10,92,11,105,..,270,33,302,11,314,..,32,6,32,770,806,2261,300,34,334,777,3377
49799,0,0,0,0,..,0,0,0,0,0,..,0,0,0,0,0,..,0,0,0,0,0,..,0,0,0,0,0,..,8,0,8,0,8,..,0,0,0,5,5,0,8,0,8,5,12
5GPER,564,8347,95,8439,..,5501,923,6424,41,6468,..,1564,365,1931,11,1942,..,15213,6321,21536,163,21699,..,63289,10002,73290,1401,74689,..,383364,54142,437508,4697,442202,..,9870,1382,11260,97164,108420,1566027,393240,55528,448766,101862,2116647
5RWAU,11,289,4,296,..,1087,194,1278,11,1297,..,57,5,62,0,65,..,724,321,1039,8,1050,..,14628,1589,16218,418,16631,..,41338,4171,45511,777,46286,..,2255,364,2617,53468,56081,432431,43586,4535,48125,54242,534804
59499,3,4,0,4,..,3,0,3,0,3,..,0,0,0,0,0,..,10,0,15,0,15,..,97,16,114,3,117,..,432,51,479,9,486,..,70,5,78,3411,3488,4079,497,56,555,3421,8055
59799,0,0,0,0,..,0,0,0,0,0,..,0,0,0,0,0,..,0,0,0,0,0,..,11,0,11,0,11,..,61,3,66,0,66,..,0,0,0,219,221,232,59,3,65,218,514
6GHOB,15,298,3,301,..,293,37,334,5,340,..,49,5,59,0,60,..,922,126,1051,18,1071,..,2774,552,3325,126,3453,..,28316,2988,31303,389,31693,..,726,98,824,10542,11363,204029,29043,3091,32132,10928,247086
6RTAS,4,165,0,165,..,245,40,283,0,283,..,28,7,38,0,38,..,320,62,387,3,393,..,2552,535,3083,89,3169,..,14775,1921,16694,224,16917,..,782,76,859,16455,17316,274855,15556,1994,17553,16683,309087
69499,0,0,0,0,..,3,0,3,0,3,..,0,0,0,0,0,..,0,0,0,0,0,..,18,3,27,0,23,..,63,11,73,3,74,..,4,0,4,314,325,978,70,11,77,318,1377
69799,0,0,0,0,..,0,0,0,0,0,..,0,0,0,0,0,..,0,0,0,0,0,..,0,0,0,0,0,..,0,0,0,0,0,..,0,0,0,3,3,11,0,0,0,3,19
7GDAR,39,487,6,488,..,694,183,873,5,878,..,37,5,45,0,45,..,992,319,1312,3,1319,..,4116,581,4703,136,4836,..,29227,3351,32576,399,32976,..,870,135,1002,12647,13650,93277,30097,3486,33584,13042,139902
7RNTE,3,48,0,48,..,131,17,153,0,153,..,15,3,16,0,16,..,161,83,244,0,250,..,29999,4782,34777,838,35618,..,35503,5352,40855,937,41795,..,749,163,911,8079,8992,38314,36256,5514,41773,9019,89103
79499,0,0,0,0,..,0,0,0,0,0,..,0,0,0,0,0,..,0,0,0,0,0,..,310,41,349,36,392,..,454,56,514,42,551,..,109,11,125,1214,1343,1605,567,70,636,1259,3500
79799,0,0,0,0,..,0,0,0,0,0,..,0,0,0,0,0,..,0,0,0,0,0,..,5,0,5,0,5,..,7,0,11,0,11,..,0,0,0,24,24,63,7,4,11,24,99
8ACTE,102,2387,25,2417,..,1059,224,1280,11,1291,..,348,30,384,11,391,..,4036,950,4985,41,5029,..,14222,1746,15964,307,16266,..,99394,11083,110476,1104,111578,..,1775,256,2034,16824,18854,323454,101167,11334,112504,17932,453890
89499,0,0,0,0,..,5,0,5,0,5,..,0,0,0,0,0,..,0,0,0,0,0,..,18,3,19,0,19,..,71,10,78,0,81,..,5,0,5,125,130,400,76,10,82,127,605
89799,0,0,0,0,..,0,0,0,0,0,..,0,0,0,0,0,..,0,0,0,0,0,..,0,0,0,0,0,..,0,0,0,0,0,..,0,0,0,0,0,0,0,0,0,0,0
9OTER,0,4,0,4,..,5,5,6,0,6,..,0,0,0,0,0,..,0,4,4,0,4,..,708,20,730,8,740,..,1560,347,1912,30,1944,..,15,10,24,859,889,1948,1575,360,1936,891,4778
99499,0,0,0,0,..,0,0,0,0,0,..,0,0,0,0,0,..,0,0,0,0,0,..,0,0,0,0,0,..,3,3,5,0,5,..,0,0,0,3,3,5,3,3,5,3,11
99799,0,0,0,0,..,0,0,0,0,0,..,0,0,0,0,0,..,0,0,0,0,0,..,0,0,0,0,0,..,0,0,0,0,0,..,0,0,0,0,0,0,0,0,0,0,0
